feature,count,mean,std,min,1%,50%,99%,max,missing
n_words,592757.0,19.131441720637632,10.165939268962422,1.0,3.0,18.0,52.0,507.0,0
long_word_ratio,592757.0,0.21559908651246673,0.1330236273113996,0.0,0.0,0.2,0.6,1.0,0
func_word_ratio,592757.0,0.3510428283453451,0.11004584202633413,0.0,0.0,0.3571428571428571,0.5882352941176471,1.0,0
unique_word_ratio,592757.0,0.926157329046242,0.07831773549953402,0.0040983606557377,0.6904761904761905,0.9411764705882352,1.0,1.0,0
comma_rate,592757.0,0.04383833223284322,0.06347761052137925,0.0,0.0,0.0303030303030303,0.2857142857142857,1.0,0
exclaim,592757.0,0.01899935386676159,0.13652256173614738,0.0,0.0,0.0,1.0,1.0,0
apostrophe_rate,592757.0,0.014985684526362005,0.041090818435132195,0.0,0.0,0.0,0.1818181818181818,2.0,0
starts_with_transition,592757.0,0.0805287832956844,0.2721103145256246,0.0,0.0,0.0,1.0,1.0,0
rel_len_deviation,592757.0,0.3287687943724049,0.28020642857007544,0.0,0.0049261083743842,0.2670157068062826,1.2950819672131149,21.701602959309497,0
noun_ratio,592757.0,0.23146268375365273,0.11484257458289321,0.0,0.0,0.2222222222222222,0.5333333333333333,1.0,0
adjective_ratio,592757.0,0.07995494093017178,0.06904942839432056,0.0,0.0,0.0714285714285714,0.2857142857142857,1.0,0
adverb_ratio,592757.0,0.05706041527753501,0.08017971306429995,0.0,0.0,0.0434782608695652,0.3,1.0,0
pronoun_ratio,592757.0,0.11352554832097986,0.0920538882863848,0.0,0.0,0.1,0.4,1.0,0
auxiliary_ratio,592757.0,0.08299245156153884,0.06285722722872192,0.0,0.0,0.0769230769230769,0.25,1.0,0
conjunction_ratio,592757.0,0.07054753261811193,0.0560359251522448,0.0,0.0,0.0714285714285714,0.2105263157894736,1.0,0
