weighting,class_balance,C,pooling,fold,n_iter,n_documents,roc_auc,average_precision,accuracy_at_0_5,f1_at_0_5
uniform,doc_balanced,0.0001,sqrt_length,1,9,6758,0.9654666195473136,0.9766676764109762,0.8986386504883102,0.9120328753049955
uniform,doc_balanced,0.0001,sqrt_length,2,9,7372,0.9674692196135913,0.9338770730682423,0.9089799240368963,0.8507230255839822
uniform,doc_balanced,0.0001,sqrt_length,3,9,4366,0.9759182968530778,0.9347124214491276,0.9473202015574896,0.8583743842364532
uniform,doc_balanced,0.0001,sqrt_length,4,9,7447,0.9637290485264906,0.9637537189294147,0.9029139250704982,0.9037411796032486
uniform,doc_balanced,0.0001,sqrt_length,5,9,5176,0.9684282763991052,0.9360301027084292,0.901661514683153,0.8398867568417742
uniform,doc_balanced,0.0003,sqrt_length,1,10,6758,0.9669044215005206,0.9777144033697391,0.9010062148564664,0.9144610663598005
uniform,doc_balanced,0.0003,sqrt_length,2,10,7372,0.9671233418342131,0.9331960025931343,0.9083016820401519,0.8498445135495335
uniform,doc_balanced,0.0003,sqrt_length,3,10,4366,0.9754285074125248,0.9332834320972628,0.9464040311497939,0.8559113300492611
uniform,doc_balanced,0.0003,sqrt_length,4,10,7447,0.9638189204121701,0.9637476673913813,0.901839666979992,0.9028571428571428
uniform,doc_balanced,0.0003,sqrt_length,5,10,5176,0.9686732634908767,0.9365874655074901,0.8997295208655333,0.8376603065373788
uniform,doc_balanced,0.001,sqrt_length,1,10,6758,0.9674064229044492,0.9780858414062573,0.9036697247706422,0.9169112954690491
uniform,doc_balanced,0.001,sqrt_length,2,10,7372,0.966909142964463,0.932794920322644,0.9081660336408031,0.8496557850322007
uniform,doc_balanced,0.001,sqrt_length,3,10,4366,0.9751761108117767,0.9325800638607799,0.945716903344022,0.8541538461538462
uniform,doc_balanced,0.001,sqrt_length,4,10,7447,0.9637840103056943,0.9636602657630184,0.9017053847186787,0.902788844621514
uniform,doc_balanced,0.001,sqrt_length,5,10,5176,0.9686864961019852,0.9366263710504615,0.8991499227202473,0.836875
uniform,doc_balanced,0.003,sqrt_length,1,11,6758,0.967541188382014,0.9781843268955365,0.9042616158626813,0.9174850146664966
uniform,doc_balanced,0.003,sqrt_length,2,10,7372,0.9668318301462095,0.9326359101553459,0.9074877916440586,0.8484444444444444
uniform,doc_balanced,0.003,sqrt_length,3,10,4366,0.9751000917563337,0.9323830152301171,0.945487860742098,0.853448275862069
uniform,doc_balanced,0.003,sqrt_length,4,10,7447,0.9637623718099448,0.9636232762747482,0.9019739492413053,0.9030801911842804
uniform,doc_balanced,0.003,sqrt_length,5,10,5176,0.9686864961019853,0.9366270188681309,0.8989567233384853,0.8366135582630428
uniform,doc_balanced,0.01,sqrt_length,1,11,6758,0.9675960962083459,0.9782251667300965,0.9042616158626813,0.9174850146664966
uniform,doc_balanced,0.01,sqrt_length,2,10,7372,0.966801381604774,0.9325774341965972,0.9076234400434074,0.8487002888247056
uniform,doc_balanced,0.01,sqrt_length,3,10,4366,0.975074085237366,0.9323068040936484,0.945487860742098,0.853448275862069
uniform,doc_balanced,0.01,sqrt_length,4,10,7447,0.9637550868497092,0.9636119468272277,0.9019739492413053,0.9030801911842804
uniform,doc_balanced,0.01,sqrt_length,5,10,5176,0.968682269017881,0.9366173312593901,0.8989567233384853,0.836715579144552
