weighting,class_balance,C,pooling,mean_roc_auc,std_roc_auc,mean_average_precision,std_average_precision,mean_accuracy_at_0_5,mean_f1_at_0_5,mean_iterations,max_iterations,selection_score,rank
uniform,doc_balanced,0.001,sqrt_length,0.9683924366176736,0.004198651055080618,0.9487494924806322,0.020892112124031217,0.9116815938388786,0.8720769542553221,10.0,10,0.9585709645491529,1
uniform,doc_balanced,0.01,sqrt_length,0.9683817837836152,0.004165287824836378,0.948667736621392,0.021028322020518263,0.9116607178455954,0.8718858699364207,10.2,11,0.9585247602025035,2
uniform,doc_balanced,0.1,sqrt_length,0.9683813078248363,0.004160249132547364,0.9486583717693007,0.021043176172235948,0.9116067317134631,0.8718241900393764,10.4,11,0.9585198397970685,3
uniform,doc_balanced,10.0,sqrt_length,0.9683808998450638,0.00415958451626092,0.9486564854149373,0.021045099806564622,0.9116067317134631,0.8718241900393764,10.4,11,0.9585186926300006,4
uniform,doc_balanced,100.0,sqrt_length,0.9683808854194,0.004159604584245374,0.9486564701312096,0.0210450862356676,0.9116067317134631,0.8718241900393764,10.4,11,0.9585186777753048,5
uniform,doc_balanced,1.0,sqrt_length,0.9683808133138461,0.004159780349899834,0.9486565110760695,0.021044899728405304,0.9116067317134631,0.8718241900393764,10.4,11,0.9585186621949577,6
uniform,doc_balanced,0.001,mean,0.967918122085351,0.004314894701075039,0.9475017796218304,0.021418508818191382,0.9089923319967317,0.8708097768460419,10.0,10,0.9577099508535907,7
uniform,doc_balanced,0.01,mean,0.9679186400984934,0.004266772486477323,0.9474404939106844,0.021550256274726714,0.9089996785937469,0.8707643508707733,10.2,11,0.9576795670045889,8
uniform,doc_balanced,0.1,mean,0.9679179441346999,0.0042615268249990455,0.9474300366413992,0.021566904651802388,0.9089207544288698,0.8706439894277864,10.4,11,0.9576739903880496,9
uniform,doc_balanced,1.0,mean,0.9679181142799168,0.004260769138982785,0.9474282110979025,0.021567259585772405,0.9089207544288698,0.8706439894277864,10.4,11,0.9576731626889097,10
uniform,doc_balanced,100.0,mean,0.9679182414226842,0.004260479768151153,0.947427984823223,0.02156788036733297,0.9089207544288698,0.8706439894277864,10.4,11,0.9576731131229537,11
uniform,doc_balanced,10.0,mean,0.9679182087854693,0.004260505983600398,0.9474279532096894,0.021567837262396167,0.9089207544288698,0.8706439894277864,10.4,11,0.9576730809975793,12
uniform,none,0.001,sqrt_length,0.9674870454519615,0.004209779011588607,0.9475207269044791,0.021272175122643327,0.767300412489913,0.5784784264839167,10.0,10,0.9575038861782204,13
uniform,none,0.01,sqrt_length,0.9674353762040692,0.004167841609157503,0.947353733465395,0.02141387008529501,0.7695518845676173,0.5838640174465753,10.4,11,0.957394554834732,14
uniform,none,0.1,sqrt_length,0.9674383215685248,0.004163828357046204,0.9473503861100696,0.021414243873920588,0.7699530705609439,0.5848483494126477,10.2,11,0.9573943538392973,15
uniform,none,1.0,sqrt_length,0.9674375138475682,0.004163562639364197,0.9473485731807644,0.02141544055905445,0.7699802002408137,0.5849264200789537,10.2,11,0.9573930435141662,16
uniform,none,100.0,sqrt_length,0.9674373837508519,0.004163625811377945,0.9473486203080419,0.021415460375135784,0.7699802002408137,0.5849264200789537,10.2,11,0.9573930020294469,17
uniform,none,10.0,sqrt_length,0.9674373799649647,0.004163618142035059,0.9473486213476235,0.021415450744899707,0.7699802002408137,0.5849264200789537,10.2,11,0.9573930006562941,18
uniform,none,0.001,mean,0.9668281150484015,0.004269026006853188,0.9458903010486882,0.02203051627157459,0.7734592500762386,0.5957722341356788,10.0,10,0.9563592080485448,19
uniform,none,0.1,mean,0.9668095037379164,0.004199856204221684,0.9457674457043014,0.022149964241029618,0.7760937778060621,0.6025474768402186,10.2,11,0.9562884747211089,20
uniform,none,1.0,mean,0.9668086538881191,0.004198964665276246,0.9457650143334947,0.022152029600358142,0.7760937778060621,0.6025474768402186,10.2,11,0.9562868341108068,21
uniform,none,100.0,mean,0.966808549417066,0.004198978733747842,0.9457644457406053,0.022152140598196358,0.7760937778060621,0.6025474768402186,10.2,11,0.9562864975788357,22
uniform,none,10.0,mean,0.9668085205657384,0.004199009553865051,0.9457644184698711,0.02215211461798987,0.7760937778060621,0.6025474768402186,10.2,11,0.9562864695178048,23
uniform,none,0.01,mean,0.9668056430815927,0.004207773878276971,0.9457660077619334,0.022151299263653144,0.775811249544132,0.6019333272619659,10.4,11,0.956285825421763,24
sqrt_doc,doc_balanced,1.0,sqrt_length,0.9640234279978946,0.004898818369378761,0.942734763621637,0.023874706747769363,0.9010945994196458,0.8616461426965824,10.6,11,0.9533790958097659,25
sqrt_doc,doc_balanced,0.1,sqrt_length,0.9640230560086984,0.00489880355297328,0.9427349381875896,0.023873394503160367,0.9010945994196458,0.8616461426965824,10.6,11,0.953378997098144,26
sqrt_doc,doc_balanced,10.0,sqrt_length,0.9640234213484588,0.004898614267514914,0.9427344721188909,0.023875051420760664,0.9010945994196458,0.8616461426965824,10.6,11,0.9533789467336748,27
sqrt_doc,doc_balanced,100.0,sqrt_length,0.9640233883770929,0.004898632349775474,0.9427344428790547,0.023875081149151302,0.9010945994196458,0.8616461426965824,10.6,11,0.9533789156280739,28
sqrt_doc,doc_balanced,0.01,sqrt_length,0.964019291495131,0.004901831210609418,0.942736547868314,0.023860556232812993,0.9011305011936589,0.8616898710961353,10.6,11,0.9533779196817225,29
sqrt_doc,doc_balanced,0.001,sqrt_length,0.9639841022341453,0.004946815729130188,0.9427526212155198,0.02374044103275311,0.9011507834842849,0.8616479090371116,10.2,11,0.9533683617248325,30
doc_equal,doc_balanced,1.0,sqrt_length,0.9638062977269894,0.004627832983271272,0.9427016984824956,0.024247358636137473,0.9042038893759191,0.8627930471735488,10.4,11,0.9532539981047425,31
doc_equal,doc_balanced,100.0,sqrt_length,0.9638063997190022,0.004627858768535521,0.94270157725224,0.02424786440344598,0.9042038893759191,0.8627930471735488,10.4,11,0.953253988485621,32
doc_equal,doc_balanced,10.0,sqrt_length,0.9638063670817874,0.004627868167475995,0.9427015501045538,0.024247828582334683,0.9042038893759191,0.8627930471735488,10.4,11,0.9532539585931705,33
doc_equal,doc_balanced,0.1,sqrt_length,0.9638041335023143,0.004628371715189829,0.9427004277423793,0.024245542520006023,0.9042038893759191,0.8627930471735488,10.2,11,0.9532522806223468,34
doc_equal,doc_balanced,0.01,sqrt_length,0.9637999112785426,0.004632615295145376,0.942703379300282,0.024236715390482694,0.9042041626035264,0.8628158991858875,10.2,11,0.9532516452894123,35
doc_equal,doc_balanced,0.001,sqrt_length,0.9637593356960208,0.0046771623968221475,0.9427129021457403,0.0241362617106029,0.9042788948031406,0.8631598265852111,10.6,11,0.9532361189208806,36
doc_equal,doc_balanced,1.0,mean,0.9638128561313011,0.004778887450823359,0.9421883023237646,0.02428894568389869,0.9003771925127729,0.8598958995265701,10.4,11,0.9530005792275329,37
doc_equal,doc_balanced,100.0,mean,0.9638127743259883,0.004778949475242429,0.9421881288697339,0.02428907267289561,0.9003771925127729,0.8598958995265701,10.4,11,0.9530004515978612,38
doc_equal,doc_balanced,10.0,mean,0.9638127557802862,0.0047789660648748684,0.9421880512777759,0.024289167164162313,0.9003771925127729,0.8598958995265701,10.4,11,0.9530004035290311,39
doc_equal,doc_balanced,0.1,mean,0.963811697795075,0.00477934420850593,0.9421875914765842,0.02428817596265639,0.9004363816219769,0.8599463091043897,10.2,11,0.9529996446358295,40
doc_equal,doc_balanced,0.01,mean,0.9638064031501943,0.004784833287085702,0.9421881118864647,0.02427546270738502,0.9003799306151123,0.8598958072724731,10.2,11,0.9529972575183294,41
doc_equal,doc_balanced,0.001,mean,0.9637587355253588,0.0048442185945265035,0.9421923183797867,0.02416809146481725,0.8999875584577289,0.8594886937887078,10.6,11,0.9529755269525728,42
sqrt_doc,doc_balanced,0.1,mean,0.9634801889887934,0.005067105625685636,0.941484513100703,0.02421346261281708,0.8945118917162755,0.8544675809697295,10.6,11,0.9524823510447482,43
sqrt_doc,doc_balanced,1.0,mean,0.9634796466646043,0.00506590485045623,0.9414823209273246,0.024216337861918995,0.8945118917162755,0.8544675809697295,10.6,11,0.9524809837959645,44
sqrt_doc,doc_balanced,0.01,mean,0.9634766627178001,0.005070286007636716,0.9414845328330042,0.02420355262102585,0.8945739142024433,0.8546510688372022,10.6,11,0.9524805977754021,45
sqrt_doc,doc_balanced,100.0,mean,0.9634794020133424,0.005065888698808561,0.9414817719084745,0.024216848773927678,0.8945118917162755,0.8544675809697295,10.6,11,0.9524805869609084,46
sqrt_doc,doc_balanced,10.0,mean,0.96347935405609,0.005065909478988196,0.9414816961227002,0.024216837261772886,0.8945118917162755,0.8544675809697295,10.6,11,0.9524805250893951,47
sqrt_doc,doc_balanced,0.001,mean,0.963438387948484,0.005142067139664793,0.9415059770054632,0.02407157621463825,0.8945849618864248,0.8547664346025033,10.2,11,0.9524721824769736,48
sqrt_doc,none,0.001,sqrt_length,0.96308565390016,0.005194888090287172,0.9418470851228316,0.023803389959401965,0.8439047896160796,0.7628679907939331,10.6,11,0.9524663695114958,49
sqrt_doc,none,0.01,sqrt_length,0.9631197295850162,0.005113335666494064,0.9418044484058704,0.023968164107303708,0.8458844438032308,0.7664281717489956,10.8,12,0.9524620889954434,50
sqrt_doc,none,0.1,sqrt_length,0.9631033996473853,0.005116168808554746,0.9417856316043819,0.023966900816822786,0.8459414463118394,0.7665025116479149,10.8,11,0.9524445156258836,51
sqrt_doc,none,10.0,sqrt_length,0.9631036506562636,0.0051162691209743925,0.9417851452542871,0.02396859939523874,0.8459710408664414,0.7665493707248224,10.8,11,0.9524443979552754,52
sqrt_doc,none,1.0,sqrt_length,0.9631036435086674,0.005116496177332494,0.9417850586201795,0.02396878158245611,0.8459710408664414,0.7665493707248224,10.8,11,0.9524443510644234,53
sqrt_doc,none,100.0,sqrt_length,0.9631035481100021,0.005116150719772529,0.9417849162853299,0.0239687037526558,0.8459710408664414,0.7665493707248224,10.8,11,0.952444232197666,54
doc_equal,none,1.0,sqrt_length,0.9628699169408954,0.004894478130584192,0.9417058242307208,0.024370299304506546,0.8302085969526593,0.7331401322175084,10.2,11,0.9522878705858081,55
doc_equal,none,0.1,sqrt_length,0.9628693146120474,0.00489473119284889,0.9417061855161739,0.02436884457560402,0.8301699570763068,0.7330518430985836,10.2,11,0.9522877500641107,56
doc_equal,none,10.0,sqrt_length,0.9628698699516256,0.004894140641062469,0.9417055267463343,0.024370584785180383,0.8302085969526593,0.7331401322175084,10.2,11,0.95228769834898,57
doc_equal,none,100.0,sqrt_length,0.962869834648969,0.004894175182550859,0.9417054950643637,0.024370618322835776,0.8302085969526593,0.7331401322175084,10.2,11,0.9522876648566664,58
doc_equal,none,0.01,sqrt_length,0.9628642859884847,0.004900040158229059,0.9417016551062476,0.02436278077743468,0.8299677249435575,0.7326676487295904,10.2,11,0.9522829705473661,59
doc_equal,none,0.001,sqrt_length,0.9628168601614439,0.004957361281850566,0.941691189697168,0.024273628223248078,0.8279845142100974,0.7289593504734079,10.0,10,0.9522540249293059,60
doc_equal,none,100.0,mean,0.9628355280225886,0.005003178810337155,0.9410831776712897,0.02445811759498522,0.835904448669227,0.7460588977333599,10.2,11,0.9519593528469392,61
doc_equal,none,10.0,mean,0.9628354921597092,0.005003203651376134,0.9410831085881171,0.024458110500765743,0.835904448669227,0.7460588977333599,10.2,11,0.9519593003739131,62
doc_equal,none,1.0,mean,0.9628353773614127,0.005003093020358981,0.941082545362398,0.024457990061907388,0.835904448669227,0.7460588977333599,10.2,11,0.9519589613619053,63
doc_equal,none,0.1,mean,0.9628345701216168,0.005003360393032039,0.9410818838090396,0.024456914078899918,0.8358773189893572,0.74599686632463,10.2,11,0.9519582269653282,64
doc_equal,none,0.01,mean,0.9628298688225714,0.0050098491996203596,0.9410834884579261,0.02444280656915903,0.8356457655296131,0.7455691104719075,10.2,11,0.9519566786402487,65
doc_equal,none,0.001,mean,0.9627833860459012,0.005091021460221988,0.9410804856705365,0.024328151762434937,0.8339449342506342,0.7420057344233386,10.0,10,0.9519319358582188,66
sqrt_doc,none,0.01,mean,0.9624891622715521,0.005274589199592973,0.9404247879869081,0.024278804431967862,0.85095404147868,0.7784327677900463,10.8,12,0.9514569751292301,67
sqrt_doc,none,0.001,mean,0.9624382665854261,0.005377832273013851,0.940443379060919,0.02411444441126547,0.8498628385147573,0.7765423599697163,10.6,11,0.9514408228231725,68
sqrt_doc,none,0.1,mean,0.9624744882854323,0.005275218441976434,0.940406809604708,0.024274897644963406,0.8511055833687615,0.7786997278625247,10.8,11,0.9514406489450702,69
sqrt_doc,none,100.0,mean,0.96247451355098,0.005274424995525792,0.9404061123414426,0.02427689803672682,0.851078726916499,0.7786743796120152,10.8,11,0.9514403129462112,70
sqrt_doc,none,1.0,mean,0.9624743678585718,0.005274521742465813,0.9404061414351098,0.024276627008966788,0.851078726916499,0.7786743796120152,10.8,11,0.9514402546468408,71
sqrt_doc,none,10.0,mean,0.9624743769129076,0.005274306539808686,0.9404058594350891,0.024276990262494094,0.851078726916499,0.7786743796120152,10.8,11,0.9514401181739984,72
