fold,split,n_documents,n_groups,human_documents,ai_documents,ai_share
1,train,24361,9,16149,8212,0.33709617831780303
1,validation,6758,2,2719,4039,0.5976620301864457
2,train,23747,8,13680,10067,0.4239272329136312
2,validation,7372,3,5188,2184,0.2962561041779707
3,train,26753,9,15356,11397,0.42600829813478863
3,validation,4366,2,3512,854,0.19560238204306002
4,train,23672,9,15128,8544,0.36093274754984794
4,validation,7447,2,3740,3707,0.4977843426883309
5,train,25943,9,15159,10784,0.4156805303935551
5,validation,5176,2,3709,1467,0.2834234930448223
